Keyword,Cluster,Cluster_Name,Match_Type,Intent,Volume_Est,CPC_Est,Competition,Priority,Phase,Notes
geo monitoring tool,1,GEO/AEO Tools,Exact,T,VL,Low,Very Low,5,1,Core category term
generative engine optimization tool,1,GEO/AEO Tools,Exact,T,VL,Low,Very Low,5,1,Full category name
geo tracking tool,1,GEO/AEO Tools,Exact,T,VL,Low,Very Low,5,1,
geo seo tool,1,GEO/AEO Tools,Phrase,T,VL,Low,Very Low,5,1,
aeo monitoring tool,1,GEO/AEO Tools,Exact,T,VL,Low,Very Low,5,1,Answer Engine Optimization
aeo tracking,1,GEO/AEO Tools,Exact,T,VL,Low,Very Low,5,1,
geo monitoring software,1,GEO/AEO Tools,Phrase,T,VL,Low,Very Low,5,1,
generative engine optimization monitoring,1,GEO/AEO Tools,Phrase,T,VL,Low,Very Low,5,1,
geo visibility platform,1,GEO/AEO Tools,Exact,T,VL,Low,Very Low,4,1,
aeo seo tool,1,GEO/AEO Tools,Phrase,T,VL,Low,Very Low,4,1,
llm seo tool,1,GEO/AEO Tools,Exact,T,VL,Low,Very Low,4,1,
ai overview tracking tool,1,GEO/AEO Tools,Exact,T,VL,Low,Very Low,4,1,Targets Google AI Overview
geo optimization tool,1,GEO/AEO Tools,Phrase,T,VL,Low,Very Low,4,1,
ai brand monitoring,2,AI Brand Monitoring,Exact,T,L,Low-Med,Low,5,1,Primary keyword
ai brand monitoring tool,2,AI Brand Monitoring,Exact,T,L,Low-Med,Low,5,1,
brand monitoring ai,2,AI Brand Monitoring,Phrase,T,L,Low-Med,Low,5,1,
ai brand tracking,2,AI Brand Monitoring,Exact,T,L,Low,Low,5,1,
track brand on ai,2,AI Brand Monitoring,Phrase,T,L,Low,Low,5,1,
monitor brand ai,2,AI Brand Monitoring,Phrase,T,L,Low,Low,5,1,
ai brand monitoring software,2,AI Brand Monitoring,Phrase,T,VL,Low,Low,4,1,
artificial intelligence brand monitoring,2,AI Brand Monitoring,Phrase,T,VL,Low-Med,Low,4,1,
brand tracking ai tools,2,AI Brand Monitoring,Phrase,T,VL,Low,Low,4,1,
ai brand management tool,2,AI Brand Monitoring,Phrase,C,VL,Low,Low,3,1,
brand performance ai,2,AI Brand Monitoring,Phrase,C,VL,Low,Low,3,1,
ai brand visibility,3,AI Brand Visibility,Exact,C,L,Low-Med,Low,5,1,
ai brand visibility tool,3,AI Brand Visibility,Exact,T,L,Low-Med,Low,5,1,
brand visibility in ai,3,AI Brand Visibility,Phrase,C,L,Low,Low,5,1,
ai search brand visibility,3,AI Brand Visibility,Phrase,C,VL,Low,Low,4,1,
improve brand visibility ai,3,AI Brand Visibility,Phrase,C,VL,Low,Low,3,1,TOFU
ai visibility for brands,3,AI Brand Visibility,Phrase,C,VL,Low,Low,4,1,
ai brand presence,3,AI Brand Visibility,Phrase,C,VL,Low,Low,3,1,
brand presence ai search,3,AI Brand Visibility,Phrase,C,VL,Low,Low,3,1,
brand visibility chatgpt,3,AI Brand Visibility,Exact,T,VL,Low,Low,4,1,
ai brand awareness tracking,3,AI Brand Visibility,Phrase,C,VL,Low,Low,3,1,
track brand on chatgpt,4,Platform-Specific,Exact,T,VL,Low,Very Low,5,1,
chatgpt brand tracking,4,Platform-Specific,Exact,T,VL,Low,Very Low,5,1,
brand mentions chatgpt,4,Platform-Specific,Exact,T,VL,Low,Very Low,5,1,
chatgpt brand monitoring,4,Platform-Specific,Exact,T,VL,Low,Very Low,5,1,
appear in chatgpt results,4,Platform-Specific,Phrase,T,VL,Low,Very Low,4,1,
monitor brand in chatgpt,4,Platform-Specific,Phrase,T,VL,Low,Very Low,4,1,
track brand gemini,4,Platform-Specific,Exact,T,VL,Low,Very Low,4,1,
brand visibility gemini,4,Platform-Specific,Exact,T,VL,Low,Very Low,4,1,
perplexity brand tracking,4,Platform-Specific,Exact,T,VL,Low,Very Low,4,1,
brand mentions perplexity,4,Platform-Specific,Exact,T,VL,Low,Very Low,4,1,
grok brand monitoring,4,Platform-Specific,Exact,T,VL,Low,Very Low,3,1,
ai overview brand tracking,4,Platform-Specific,Exact,T,VL,Low,Very Low,4,1,
track brand across ai models,4,Platform-Specific,Phrase,T,VL,Low,Very Low,4,1,
brand in ai search results,4,Platform-Specific,Phrase,C,VL,Low,Very Low,3,1,
ai citation tracking,5,AI Citations,Exact,T,VL,Low,Very Low,5,1,
ai citations monitoring,5,AI Citations,Exact,T,VL,Low,Very Low,5,1,
track ai citations,5,AI Citations,Phrase,T,VL,Low,Very Low,4,1,
brand citations ai,5,AI Citations,Phrase,C,VL,Low,Very Low,4,1,
ai citation analysis,5,AI Citations,Phrase,C,VL,Low,Very Low,4,1,
llm citations tracker,5,AI Citations,Exact,T,VL,Low,Very Low,4,1,
ai source tracking,5,AI Citations,Phrase,C,VL,Low,Very Low,3,1,
chatgpt citation tracking,5,AI Citations,Exact,T,VL,Low,Very Low,4,1,
ai visibility score,6,AI Visibility Metrics,Exact,C,VL,Low,Very Low,5,1,
ai visibility tracking,6,AI Visibility Metrics,Exact,T,L,Low,Very Low,5,1,
ai search visibility tool,6,AI Visibility Metrics,Exact,T,VL,Low,Very Low,4,1,
measure ai visibility,6,AI Visibility Metrics,Phrase,C,VL,Low,Very Low,4,1,
ai visibility metrics,6,AI Visibility Metrics,Phrase,C,VL,Low,Very Low,4,1,
ai visibility monitoring,6,AI Visibility Metrics,Exact,T,VL,Low,Very Low,4,1,
ai visibility platform,6,AI Visibility Metrics,Exact,T,VL,Low,Very Low,4,1,
brand ai visibility score,6,AI Visibility Metrics,Phrase,C,VL,Low,Very Low,3,1,
track ai search visibility,6,AI Visibility Metrics,Phrase,T,VL,Low,Very Low,3,1,
llm brand monitoring,7,LLM Brand Mentions,Exact,T,VL,Low,Very Low,4,2,
llm brand mentions,7,LLM Brand Mentions,Exact,T,VL,Low,Very Low,4,2,
monitor brand llm,7,LLM Brand Mentions,Phrase,T,VL,Low,Very Low,4,2,
llm mention tracking,7,LLM Brand Mentions,Exact,T,VL,Low,Very Low,4,2,
brand mentions ai models,7,LLM Brand Mentions,Phrase,C,VL,Low,Very Low,3,2,
ai model brand tracking,7,LLM Brand Mentions,Phrase,T,VL,Low,Very Low,3,2,
llm brand visibility,7,LLM Brand Mentions,Exact,T,VL,Low,Very Low,3,2,
ai share of voice,8,AI Share of Voice,Exact,C,VL,Low,Very Low,4,2,
share of voice ai models,8,AI Share of Voice,Phrase,C,VL,Low,Very Low,4,2,
ai brand share of voice,8,AI Share of Voice,Phrase,C,VL,Low,Very Low,4,2,
ai sov tracking,8,AI Share of Voice,Exact,T,VL,Low,Very Low,3,2,
brand share of voice ai,8,AI Share of Voice,Phrase,C,VL,Low,Very Low,3,2,
competitive ai visibility,8,AI Share of Voice,Phrase,C,VL,Low,Very Low,3,2,
ai brand competitive analysis,8,AI Share of Voice,Phrase,C,VL,Low,Very Low,3,2,
ai seo tool,9,AI SEO Adjacent,Phrase,C,M,Med-High,Medium,2,2,High competition - use cautiously
llm seo,9,AI SEO Adjacent,Phrase,I-C,M,Med,Medium,2,2,Growing fast
ai search optimization tool,9,AI SEO Adjacent,Phrase,C,L,Med,Med-Low,2,2,
optimize for ai search,9,AI SEO Adjacent,Phrase,C,M,Med,Medium,2,2,
answer engine optimization,9,AI SEO Adjacent,Phrase,I-C,L,Low-Med,Low-Med,2,2,
ai search ranking tool,9,AI SEO Adjacent,Phrase,T,VL,Low-Med,Low,3,2,
